[
  { "model": "school.teacher", "pk": 1, "fields": { "password": "!", "username": "teacher1", "first_name": "Олександр", "last_name": "Коваленко", "phone_number": "380671111111", "is_staff": true, "is_active": true, "date_joined": "2026-01-01T10:00:00Z" }},
  { "model": "school.teacher", "pk": 2, "fields": { "password": "!", "username": "teacher2", "first_name": "Марина", "last_name": "Мельник", "phone_number": "380672222222", "is_staff": true, "is_active": true, "date_joined": "2026-01-01T10:00:00Z" }},
  { "model": "school.teacher", "pk": 3, "fields": { "password": "!", "username": "teacher3", "first_name": "Андрій", "last_name": "Шевченко", "phone_number": "380673333333", "is_staff": true, "is_active": true, "date_joined": "2026-01-01T10:00:00Z" }},
  { "model": "school.teacher", "pk": 4, "fields": { "password": "!", "username": "teacher4", "first_name": "Олена", "last_name": "Бондар", "phone_number": "380674444444", "is_staff": true, "is_active": true, "date_joined": "2026-01-01T10:00:00Z" }},
  { "model": "school.teacher", "pk": 5, "fields": { "password": "!", "username": "teacher5", "first_name": "Дмитро", "last_name": "Мороз", "phone_number": "380675555555", "is_staff": true, "is_active": true, "date_joined": "2026-01-01T10:00:00Z" }},

  { "model": "school.room", "pk": 1, "fields": { "name": "Велика зала", "description": "Рояль Steinway" }},
  { "model": "school.room", "pk": 2, "fields": { "name": "Клас 101", "description": "Цифрове піаніно" }},
  { "model": "school.room", "pk": 3, "fields": { "name": "Студія", "description": "Вокальна студія" }},

  { "model": "school.subscriptionplan", "pk": 1, "fields": { "name": "Базовий", "lessons_count": 4, "lessons_duration": 45, "price": 1200, "validity_days": 30 }},
  { "model": "school.subscriptionplan", "pk": 2, "fields": { "name": "Стандарт", "lessons_count": 8, "lessons_duration": 60, "price": 2400, "validity_days": 30 }},
  { "model": "school.subscriptionplan", "pk": 3, "fields": { "name": "Інтенсив", "lessons_count": 12, "lessons_duration": 60, "price": 3200, "validity_days": 45 }},

  { "model": "school.student", "pk": 1, "fields": { "first_name": "Іван", "last_name": "Петренко" }},
  { "model": "school.student", "pk": 2, "fields": { "first_name": "Марія", "last_name": "Сидоренко" }},
  { "model": "school.student", "pk": 3, "fields": { "first_name": "Олег", "last_name": "Козак" }},
  { "model": "school.student", "pk": 4, "fields": { "first_name": "Анна", "last_name": "Левченко" }},
  { "model": "school.student", "pk": 5, "fields": { "first_name": "Сергій", "last_name": "Павлюк" }},
  { "model": "school.student", "pk": 6, "fields": { "first_name": "Юлія", "last_name": "Кравчук" }},
  { "model": "school.student", "pk": 7, "fields": { "first_name": "Артем", "last_name": "Савченко" }},
  { "model": "school.student", "pk": 8, "fields": { "first_name": "Вікторія", "last_name": "Ткаченко" }},
  { "model": "school.student", "pk": 9, "fields": { "first_name": "Денис", "last_name": "Поліщук" }},
  { "model": "school.student", "pk": 10, "fields": { "first_name": "Наталія", "last_name": "Олійник" }},
  { "model": "school.student", "pk": 11, "fields": { "first_name": "Максим", "last_name": "Руденко" }},
  { "model": "school.student", "pk": 12, "fields": { "first_name": "Оксана", "last_name": "Василенко" }},
  { "model": "school.student", "pk": 13, "fields": { "first_name": "Владислав", "last_name": "Харченко" }},
  { "model": "school.student", "pk": 14, "fields": { "first_name": "Ірина", "last_name": "Литвин" }},
  { "model": "school.student", "pk": 15, "fields": { "first_name": "Кирило", "last_name": "Мельниченко" }},
  { "model": "school.student", "pk": 16, "fields": { "first_name": "Софія", "last_name": "Чумак" }},
  { "model": "school.student", "pk": 17, "fields": { "first_name": "Тарас", "last_name": "Коваль" }},
  { "model": "school.student", "pk": 18, "fields": { "first_name": "Єлизавета", "last_name": "Дорошенко" }},
  { "model": "school.student", "pk": 19, "fields": { "first_name": "Назар", "last_name": "Коломієць" }},
  { "model": "school.student", "pk": 20, "fields": { "first_name": "Олена", "last_name": "Степаненко" }},

  { "model": "school.subscription", "pk": 1, "fields": { "student": 1, "teacher": 1, "plan": 2, "start_date": "2026-03-01", "end_date": "2026-03-31", "lessons_left": 5, "is_active": true }},
  { "model": "school.subscription", "pk": 2, "fields": { "student": 2, "teacher": 1, "plan": 1, "start_date": "2026-03-01", "end_date": "2026-03-31", "lessons_left": 2, "is_active": true }},
  { "model": "school.subscription", "pk": 3, "fields": { "student": 3, "teacher": 2, "plan": 3, "start_date": "2026-02-15", "end_date": "2026-04-01", "lessons_left": 10, "is_active": true }},
  { "model": "school.subscription", "pk": 4, "fields": { "student": 4, "teacher": 2, "plan": 2, "start_date": "2026-03-02", "end_date": "2026-04-01", "lessons_left": 8, "is_active": true }},
  { "model": "school.subscription", "pk": 5, "fields": { "student": 5, "teacher": 3, "plan": 2, "start_date": "2026-03-01", "end_date": "2026-03-31", "lessons_left": 4, "is_active": true }},
  { "model": "school.subscription", "pk": 6, "fields": { "student": 6, "teacher": 3, "plan": 1, "start_date": "2026-03-05", "end_date": "2026-04-04", "lessons_left": 4, "is_active": true }},
  { "model": "school.subscription", "pk": 7, "fields": { "student": 7, "teacher": 4, "plan": 3, "start_date": "2026-03-01", "end_date": "2026-04-15", "lessons_left": 12, "is_active": true }},
  { "model": "school.subscription", "pk": 8, "fields": { "student": 8, "teacher": 4, "plan": 2, "start_date": "2026-03-01", "end_date": "2026-03-31", "lessons_left": 6, "is_active": true }},
  { "model": "school.subscription", "pk": 9, "fields": { "student": 9, "teacher": 5, "plan": 2, "start_date": "2026-03-03", "end_date": "2026-04-02", "lessons_left": 8, "is_active": true }},
  { "model": "school.subscription", "pk": 10, "fields": { "student": 10, "teacher": 5, "plan": 1, "start_date": "2026-03-01", "end_date": "2026-03-31", "lessons_left": 1, "is_active": true }},
  { "model": "school.subscription", "pk": 11, "fields": { "student": 11, "teacher": 1, "plan": 2, "start_date": "2026-03-01", "end_date": "2026-03-31", "lessons_left": 8, "is_active": true }},
  { "model": "school.subscription", "pk": 12, "fields": { "student": 12, "teacher": 2, "plan": 2, "start_date": "2026-03-01", "end_date": "2026-03-31", "lessons_left": 8, "is_active": true }},
  { "model": "school.subscription", "pk": 13, "fields": { "student": 13, "teacher": 3, "plan": 1, "start_date": "2026-03-01", "end_date": "2026-03-31", "lessons_left": 4, "is_active": true }},
  { "model": "school.subscription", "pk": 14, "fields": { "student": 14, "teacher": 4, "plan": 2, "start_date": "2026-03-01", "end_date": "2026-03-31", "lessons_left": 8, "is_active": true }},
  { "model": "school.subscription", "pk": 15, "fields": { "student": 15, "teacher": 5, "plan": 3, "start_date": "2026-02-20", "end_date": "2026-04-05", "lessons_left": 9, "is_active": true }},
  { "model": "school.subscription", "pk": 16, "fields": { "student": 16, "teacher": 1, "plan": 1, "start_date": "2026-03-01", "end_date": "2026-03-31", "lessons_left": 4, "is_active": true }},
  { "model": "school.subscription", "pk": 17, "fields": { "student": 17, "teacher": 2, "plan": 2, "start_date": "2026-03-01", "end_date": "2026-03-31", "lessons_left": 8, "is_active": true }},
  { "model": "school.subscription", "pk": 18, "fields": { "student": 18, "teacher": 3, "plan": 2, "start_date": "2026-03-01", "end_date": "2026-03-31", "lessons_left": 8, "is_active": true }},
  { "model": "school.subscription", "pk": 19, "fields": { "student": 19, "teacher": 4, "plan": 1, "start_date": "2026-03-01", "end_date": "2026-03-31", "lessons_left": 4, "is_active": true }},
  { "model": "school.subscription", "pk": 20, "fields": { "student": 20, "teacher": 5, "plan": 2, "start_date": "2026-03-01", "end_date": "2026-03-31", "lessons_left": 8, "is_active": true }}
]
